filename,module_name,module_params,execution_time,average_output_token,bleu,meteor,rouge,sem_score,is_best
0.parquet,OpenAILLM,"{'llm': 'gpt-4o-mini', 'temperature': 0.1, 'batch': 16}",0.254373300075531,64.4,37.024896576554525,0.7370597638387058,0.8183094779616518,0.9472266935514382,True
1.parquet,OpenAILLM,"{'llm': 'gpt-4o-mini', 'temperature': 1.0, 'batch': 16}",0.25883605480194094,66.75,32.343179718556385,0.7026895088839318,0.8302171717171717,0.9444341802458573,False
