filename,module_name,module_params,execution_time,retrieval_ndcg,retrieval_mrr,retrieval_map,retrieval_recall,retrieval_precision,retrieval_f1,is_best
0.parquet,VectorDB,"{'top_k': 10, 'embedding_model': 'openai'}",0.027961254119873047,0.9630929753571458,0.95,0.95,1.0,0.10000000000000002,0.1818181818181818,False
1.parquet,VectorDB,"{'top_k': 4, 'embedding_model': 'openai'}",0.054570353031158446,0.9630929753571458,0.95,0.95,1.0,0.25,0.4000000000000001,True
2.parquet,BM25,"{'top_k': 10, 'bm25_tokenizer': 'ko_kiwi'}",1.0401995062828064,0.9630929753571458,0.95,0.95,1.0,0.10000000000000002,0.1818181818181818,False
3.parquet,BM25,"{'top_k': 4, 'bm25_tokenizer': 'ko_kiwi'}",1.061900508403778,0.9630929753571458,0.95,0.95,1.0,0.25,0.4000000000000001,False
